                  epoch,         train/box_loss,        train/pose_loss,        train/kobj_loss,         train/cls_loss,         train/dfl_loss,   metrics/precision(B),      metrics/recall(B),       metrics/mAP50(B),    metrics/mAP50-95(B),   metrics/precision(P),      metrics/recall(P),       metrics/mAP50(P),    metrics/mAP50-95(P),           val/box_loss,          val/pose_loss,          val/kobj_loss,           val/cls_loss,           val/dfl_loss,                 lr/pg0,                 lr/pg1,                 lr/pg2
                      1,                 1.5336,                 5.3182,                0.41465,                 3.0366,                 1.7236,                0.70043,                0.70591,                0.76221,                0.47378,                0.22562,                    0.5,                 0.3037,                0.08636,                0.87847,                 4.4207,                0.18623,                 9.3479,                 1.3799,             0.00028886,             0.00028886,             0.00028886
                      2,                 1.0387,                 4.6012,                 0.3195,                 1.8568,                 1.2606,                0.86382,                0.91994,                0.95609,                0.68584,                 0.3298,                0.48587,                0.40369,                0.12237,                0.72979,                 4.6968,                 0.1217,                 6.8068,                 1.2599,               0.000583,               0.000583,               0.000583
                      3,                0.99817,                 4.7909,                0.30779,                  1.546,                 1.2456,                0.90479,                0.77869,                0.86368,                0.60889,                0.43799,                 0.2625,                0.28718,                 0.0937,                 1.1648,                 5.6709,                0.20239,                 5.5478,                 1.5666,              0.0008712,              0.0008712,              0.0008712
                      4,                0.98943,                 4.9541,                0.30218,                 1.3971,                 1.2283,                0.89618,                0.98268,                0.96824,                 0.6764,                 0.3153,                  0.425,                0.32899,                0.08155,                 1.0062,                 4.9619,                0.06262,                 6.2641,                 1.5009,               0.001078,               0.001078,               0.001078
                      5,                0.96752,                  4.839,                0.29236,                 1.2826,                 1.2283,                0.88686,                      1,                0.99045,                0.75344,                0.49897,                   0.55,                0.51002,                0.14187,                0.72281,                 5.0594,                0.16749,                  3.752,                 1.2771,               0.001078,               0.001078,               0.001078
                      6,                0.97187,                 4.4858,                0.29004,                 1.1624,                 1.2061,                0.88038,                0.99316,                0.97682,                0.68264,                0.42593,                0.49132,                0.49392,                0.12155,                0.88629,                 4.5667,                  0.126,                 4.6838,                 1.3313,               0.001067,               0.001067,               0.001067
                      7,                0.91293,                 4.4395,                0.29265,                 1.0958,                 1.1796,                0.93198,                0.94753,                0.98381,                0.76278,                0.43468,                0.47401,                0.43899,                0.12133,                0.99337,                 4.6293,                0.11851,                 2.8746,                 1.4441,               0.001056,               0.001056,               0.001056
                      8,                0.90497,                 4.4066,                0.29084,                 1.0982,                 1.1854,                0.92569,                0.93928,                0.98173,                0.72126,                0.44519,                0.45821,                0.43321,                 0.1691,                0.85395,                 4.2747,                0.04556,                 1.8535,                 1.3491,               0.001045,               0.001045,               0.001045
                      9,                0.88348,                 4.3172,                0.28184,                 1.0308,                 1.1771,                0.92437,                0.93596,                0.95397,                0.72802,                0.56654,                0.57435,                0.52381,                 0.1884,                0.99011,                 3.9517,                0.03996,                 1.8918,                 1.4691,               0.001034,               0.001034,               0.001034
                     10,                  0.893,                 4.2509,                0.28062,                0.98109,                 1.1705,                0.93573,                0.92057,                0.98818,                0.75528,                0.41289,                   0.55,                0.50974,                0.20995,                0.69475,                 4.8533,                 0.0876,                 2.5129,                 1.1844,               0.001023,               0.001023,               0.001023
                     11,                0.89449,                 4.3045,                 0.2702,                0.98299,                 1.1907,                0.92802,                0.95535,                0.99045,                0.67977,                0.65092,                   0.65,                0.60479,                0.23461,                0.91539,                 3.8924,                0.03857,                 3.0572,                 1.2899,               0.001012,               0.001012,               0.001012
                     12,                0.85205,                 4.3274,                0.27318,                0.92415,                 1.1501,                0.95332,                0.98607,                0.98136,                0.76018,                 0.5022,                0.53375,                 0.4385,                0.16985,                 0.8187,                 4.7164,                0.13193,                 1.8697,                 1.3061,               0.001001,               0.001001,               0.001001
                     13,                0.83952,                 4.0238,                0.27554,                0.84473,                 1.1308,                0.96648,                0.97324,                0.98136,                0.76604,                0.49381,                0.58256,                0.49619,                0.19318,                0.70845,                 4.8657,                0.12097,                 2.3426,                 1.1351,             0.00099001,             0.00099001,             0.00099001
                     14,                0.85229,                 4.0762,                0.26929,                 0.8623,                 1.1239,                0.93708,                0.91847,                0.98625,                 0.7229,                0.52653,                   0.55,                0.52207,                0.20567,                0.96533,                 4.2809,                0.12183,                 2.2213,                 1.4139,             0.00097901,             0.00097901,             0.00097901
                     15,                0.83678,                 4.2545,                0.28314,                0.86508,                 1.1476,                0.97492,                 0.9325,                  0.995,                0.76628,                0.52901,                   0.55,                 0.5102,                0.23521,                0.66938,                 4.2101,                0.05738,                 2.3229,                 1.1144,             0.00096801,             0.00096801,             0.00096801
                     16,                0.83711,                  4.113,                0.27381,                0.82736,                 1.1527,                0.95095,                0.96817,                0.98591,                0.78471,                0.51326,                   0.55,                0.51419,                0.21219,                0.61186,                 4.3091,                0.08621,                 1.7708,                 1.1302,             0.00095702,             0.00095702,             0.00095702
                     17,                0.79983,                 3.9862,                  0.253,                0.76837,                 1.1242,                0.95714,                0.96912,                0.99045,                0.79734,                0.51573,                   0.55,                0.52427,                0.19628,                0.69261,                 4.4108,                0.03694,                 1.9273,                 1.1418,             0.00094602,             0.00094602,             0.00094602
                     18,                0.80385,                 3.9936,                0.26701,                0.76084,                  1.132,                 0.9507,                0.97273,                0.99045,                0.72375,                0.46548,                    0.5,                 0.4954,                0.17519,                0.86897,                 4.5778,                0.07642,                 3.0532,                 1.2341,             0.00093502,             0.00093502,             0.00093502
                     19,                0.80775,                 3.8973,                0.26092,                0.75661,                 1.1322,                0.96025,                0.97032,                0.98364,                0.75155,                0.51524,                   0.55,                  0.522,                0.23948,                0.77016,                 3.8354,                0.09968,                 1.7037,                 1.3208,             0.00092402,             0.00092402,             0.00092402
                     20,                0.79127,                 3.8928,                0.24086,                0.73182,                 1.1165,                0.95151,                0.99324,                0.99045,                0.77451,                  0.509,                0.54821,                0.52247,                0.20658,                0.80102,                 4.1421,                0.09405,                 3.6622,                  1.281,             0.00091302,             0.00091302,             0.00091302
                     21,                0.78779,                 3.7996,                0.24608,                0.75696,                 1.1123,                0.95218,                 0.9342,                0.99062,                0.75606,                0.51924,                   0.55,                0.51194,                0.21478,                0.94106,                 4.1958,                0.04546,                 2.4616,                 1.3989,             0.00090202,             0.00090202,             0.00090202
                     22,                0.78541,                 3.7065,                0.24719,                0.73192,                 1.1125,                0.97411,                0.95351,                 0.9845,                0.79691,                0.47963,                    0.5,                 0.4975,                0.21272,                 0.7516,                 3.9586,                0.02975,                 1.9245,                 1.1691,             0.00089102,             0.00089102,             0.00089102
                     23,                0.79436,                 3.6414,                0.24156,                0.75481,                 1.1139,                0.94467,                0.97199,                0.98818,                0.80896,                0.45558,                    0.5,                0.50088,                0.18337,                0.73289,                 4.2618,                0.05467,                 2.5919,                 1.2138,             0.00088002,             0.00088002,             0.00088002
                     24,                0.75446,                 3.8148,                0.24462,                0.74905,                 1.0905,                0.94051,                0.95995,                0.98495,                 0.7596,                0.61316,                   0.65,                 0.6086,                0.20586,                0.86113,                 4.3799,                0.03965,                 2.2492,                 1.2581,             0.00086902,             0.00086902,             0.00086902
                     25,                0.76827,                 3.7044,                0.24406,                0.73155,                 1.0986,                 0.9628,                0.96429,                0.98608,                0.80001,                0.51801,                   0.55,                0.54524,                0.20915,                0.58647,                 4.4481,                0.03062,                 1.6767,                 1.1009,             0.00085803,             0.00085803,             0.00085803
                     26,                0.72927,                 3.5696,                0.23403,                0.66491,                 1.0774,                0.94806,                0.98638,                0.99273,                0.78918,                0.51123,                   0.55,                0.55834,                0.23887,                0.63717,                 4.3278,                0.04792,                 2.4749,                 1.0891,             0.00084703,             0.00084703,             0.00084703
                     27,                0.72192,                  3.642,                 0.2419,                0.69099,                 1.0782,                0.94128,                0.96727,                0.99273,                0.78396,                 0.6109,                   0.65,                0.59297,                0.23481,                0.72819,                 3.9671,                0.03675,                 2.1384,                 1.1292,             0.00083603,             0.00083603,             0.00083603
                     28,                0.73631,                 3.6694,                0.24101,                0.68208,                 1.0809,                0.95263,                0.96148,                0.99273,                0.77812,                0.52404,                0.53062,                0.51132,                0.23047,                0.70628,                 4.0284,                0.05154,                 2.0794,                 1.1068,             0.00082503,             0.00082503,             0.00082503
                     29,                0.72281,                  3.649,                0.24451,                0.68758,                 1.0997,                0.95792,                0.91278,                0.98835,                0.78296,                0.47924,                  0.475,                0.49523,                0.20669,                0.66024,                 4.4341,                0.05344,                 2.0247,                 1.1252,             0.00081403,             0.00081403,             0.00081403
                     30,                0.72475,                 3.6032,                0.23596,                0.67176,                  1.072,                0.94662,                0.94708,                0.98268,                0.79084,                0.48576,                0.54946,                0.51304,                0.24725,                0.69218,                 4.1251,                0.06009,                 2.2131,                  1.104,             0.00080303,             0.00080303,             0.00080303
                     31,                0.72008,                 3.5945,                0.23131,                0.66224,                 1.0771,                0.92804,                0.99616,                0.98818,                0.81151,                  0.478,                0.51011,                0.50712,                0.24075,                0.57259,                 4.4123,                0.05387,                 2.0652,                 1.0397,             0.00079203,             0.00079203,             0.00079203
                     32,                0.70715,                 3.7408,                0.22753,                0.63138,                 1.0682,                0.93791,                0.97816,                0.98818,                0.75709,                 0.4933,                   0.55,                0.55338,                0.21216,                0.65644,                 4.4027,                0.04832,                 1.9517,                 1.1106,             0.00078103,             0.00078103,             0.00078103
                     33,                0.70087,                 3.5296,                0.23668,                0.62963,                 1.0761,                0.94959,                0.99699,                0.99045,                0.80402,                 0.4598,                    0.5,                0.50175,                0.19827,                0.61542,                 4.2789,                0.03955,                 2.8921,                 1.1204,             0.00077003,             0.00077003,             0.00077003
                     34,                0.72201,                 3.4607,                0.23989,                 0.6434,                 1.0688,                0.93946,                0.99408,                0.99273,                0.79042,                0.47292,                    0.5,                0.49523,                0.21424,                0.64425,                 4.2365,                0.04355,                 2.5572,                 1.1113,             0.00075904,             0.00075904,             0.00075904
                     35,                0.74211,                 3.5362,                0.24014,                0.66044,                 1.0894,                0.94148,                0.99568,                0.99273,                0.77598,                0.47268,                    0.5,                0.49523,                0.21838,                0.57974,                 4.1226,                0.04831,                 2.0231,                 1.0661,             0.00074804,             0.00074804,             0.00074804
                     36,                0.70262,                 3.4341,                0.23484,                0.62338,                 1.0555,                0.95794,                      1,                0.98818,                0.81096,                0.51764,                   0.55,                0.50676,                0.25424,                0.60395,                 3.9545,                0.03978,                 1.8588,                 1.0816,             0.00073704,             0.00073704,             0.00073704
                     37,                0.71243,                 3.3619,                0.23001,                0.65347,                 1.0802,                0.94596,                0.98902,                0.98136,                0.79271,                 0.5201,                0.55059,                0.54609,                0.22837,                0.57852,                 3.9418,                 0.0301,                 2.0087,                 1.0519,             0.00072604,             0.00072604,             0.00072604
                     38,                0.67247,                 3.3824,                0.21916,                 0.6239,                 1.0459,                0.95585,                0.98218,                0.99273,                0.79933,                0.59795,                  0.575,                0.56943,                0.24957,                0.76152,                 3.8938,                0.02058,                 2.0128,                 1.2796,             0.00071504,             0.00071504,             0.00071504
                     39,                0.68415,                 3.3432,                0.22604,                0.63115,                 1.0634,                0.96611,                0.97208,                0.99273,                0.77767,                 0.5701,                    0.6,                0.54323,                0.23105,                0.77264,                 4.0265,                0.04489,                 2.6052,                 1.3036,             0.00070404,             0.00070404,             0.00070404
                     40,                0.67562,                 3.2947,                0.22888,                0.61483,                  1.057,                 0.9611,                 0.9682,                0.97909,                0.78084,                0.56965,                    0.6,                0.53355,                 0.2358,                0.57039,                 3.8541,                0.04629,                 2.0376,                 1.0878,             0.00069304,             0.00069304,             0.00069304
                     41,                0.68294,                 3.3472,                0.23308,                0.60779,                 1.0611,                0.95689,                0.96833,                0.98136,                0.78454,                0.46773,                    0.5,                0.48386,                 0.1803,                0.56453,                 4.3022,                0.03252,                 1.7655,                 1.0696,             0.00068204,             0.00068204,             0.00068204
                     42,                0.66962,                 3.5254,                 0.2324,                0.58347,                 1.0759,                0.91513,                0.96429,                 0.9804,                0.80664,                0.51506,                   0.55,                0.51648,                0.22287,                0.54838,                 4.0459,                0.03883,                 2.1532,                 1.0498,             0.00067104,             0.00067104,             0.00067104
                     43,                0.67791,                 3.2558,                0.23249,                0.60255,                 1.0546,                0.95875,                0.95734,                0.98818,                0.79508,                0.46981,                    0.5,                0.49068,                0.23485,                0.63796,                  4.154,                0.02347,                 2.1493,                 1.0816,             0.00066005,             0.00066005,             0.00066005
                     44,                0.66058,                 3.0612,                0.21898,                0.60396,                 1.0516,                 0.9374,                0.96361,                0.98153,                0.79554,                0.57465,                0.59799,                0.54241,                0.24956,                 0.6734,                 3.9892,                0.01781,                 2.5454,                 1.2858,             0.00064905,             0.00064905,             0.00064905
                     45,                0.64412,                 3.3851,                0.23382,                0.58518,                 1.0661,                0.94135,                0.96596,                0.98136,                 0.8038,                 0.6173,                   0.65,                0.62492,                0.22525,                0.63083,                 4.0168,                0.03352,                 1.9318,                 1.1164,             0.00063805,             0.00063805,             0.00063805
                     46,                0.65059,                 3.3767,                 0.2162,                0.57443,                 1.0541,                0.91765,                0.99773,                0.98381,                0.79786,                0.56775,                    0.6,                0.54323,                0.21683,                0.74043,                 4.2563,                0.02087,                 1.9678,                 1.1762,             0.00062705,             0.00062705,             0.00062705
                     47,                0.66423,                 3.1965,                0.21419,                0.62745,                 1.0689,                0.95648,                0.96755,                0.98591,                0.79695,                0.56159,                0.64718,                0.56592,                0.24221,                0.70184,                 4.1288,                0.02237,                 1.9725,                  1.224,             0.00061605,             0.00061605,             0.00061605
                     48,                0.65517,                 3.2261,                0.20963,                0.57535,                 1.0596,                 0.9596,                 0.9518,                0.97768,                0.80751,                0.52048,                   0.55,                0.54224,                0.26168,                0.65118,                 3.9124,                0.02858,                 1.8962,                   1.24,             0.00060505,             0.00060505,             0.00060505
                     49,                0.65905,                 3.0396,                0.21015,                0.57928,                 1.0413,                0.95932,                0.96429,                0.98381,                0.81257,                0.46929,                    0.5,                0.49537,                0.24828,                 0.5661,                 4.2158,                0.04124,                 2.0055,                 1.0812,             0.00059405,             0.00059405,             0.00059405
                     50,                0.64162,                 3.2732,                0.23292,                0.55521,                 1.0545,                 0.9675,                0.97255,                0.98818,                0.81951,                0.52155,                   0.55,                 0.5325,                0.27311,                0.73124,                  3.908,                0.02238,                 1.6493,                 1.2244,             0.00058305,             0.00058305,             0.00058305
                     51,                0.65449,                 3.2323,                 0.2192,                0.57444,                 1.0528,                0.93288,                0.96429,                0.98835,                0.82005,                0.47105,                    0.5,                0.49811,                0.23963,                0.57178,                    4.2,                0.02567,                 2.3085,                 1.0702,             0.00057205,             0.00057205,             0.00057205
                     52,                0.63447,                 3.1307,                 0.2167,                0.55713,                 1.0442,                0.95198,                0.96429,                0.98608,                0.81158,                0.51768,                   0.55,                0.53434,                0.26612,                0.70584,                 4.0105,                 0.0318,                 2.5629,                  1.163,             0.00056105,             0.00056105,             0.00056105
                     53,                0.62069,                 3.1367,                0.20996,                0.53411,                 1.0368,                0.93916,                0.96429,                0.98381,                0.80871,                0.56601,                    0.6,                0.59968,                0.27394,                0.72495,                 3.8245,                0.03578,                 2.2392,                 1.1349,             0.00055006,             0.00055006,             0.00055006
                     54,                0.64034,                 3.0898,                0.21435,                0.54764,                 1.0403,                0.95537,                0.96429,                0.98153,                0.78417,                0.51829,                   0.55,                 0.5366,                0.23406,                0.69142,                 4.2804,                 0.0327,                 2.4305,                 1.1025,             0.00053906,             0.00053906,             0.00053906
                     55,                0.62478,                 3.1508,                0.21841,                 0.5659,                  1.038,                0.95934,                      1,                0.98364,                0.80766,                  0.471,                    0.5,                0.50089,                0.23449,                0.65065,                 4.1365,                0.02929,                 1.7228,                 1.1431,             0.00052806,             0.00052806,             0.00052806
                     56,                0.62329,                 3.2075,                0.21424,                0.54892,                   1.04,                0.95563,                0.96874,                0.98364,                 0.8154,                0.52235,                   0.55,                0.53838,                0.24868,                0.65008,                 3.9821,                0.03835,                 2.1498,                 1.1127,             0.00051706,             0.00051706,             0.00051706
                     57,                0.61072,                 2.9395,                0.21005,                0.53639,                  1.009,                0.95068,                0.99964,                0.98591,                0.81099,                0.47247,                    0.5,                0.48841,                 0.2317,                0.65133,                 4.1124,                0.02383,                  2.161,                  1.108,             0.00050606,             0.00050606,             0.00050606
                     58,                0.59983,                 3.0576,                0.20729,                0.53435,                 1.0169,                0.95163,                0.96905,                0.99045,                0.83112,                0.47286,                    0.5,                0.49295,                 0.2347,                0.62843,                 4.1124,                 0.0245,                  2.026,                  1.124,             0.00049506,             0.00049506,             0.00049506
                     59,                0.58836,                 3.0405,                 0.2115,                 0.4988,                 1.0196,                0.94595,                      1,                0.99273,                 0.8259,                0.52131,                   0.55,                0.52685,                0.26235,                 0.7911,                 4.0628,                0.03363,                 3.0314,                 1.2451,             0.00048406,             0.00048406,             0.00048406
                     60,                 0.6317,                 2.9974,                0.20299,                0.54949,                 1.0343,                0.93875,                 0.9656,                0.98136,                0.82224,                0.52214,                   0.55,                0.52767,                0.22624,                0.72455,                 4.1976,                0.04147,                 1.9701,                 1.1755,             0.00047306,             0.00047306,             0.00047306
                     61,                0.61743,                 3.0116,                0.20712,                0.54028,                 1.0534,                0.94044,                0.96323,                0.98818,                0.81849,                0.41066,                 0.4375,                0.41592,                0.21394,                0.65603,                 4.1217,                0.02747,                 1.6142,                 1.1293,             0.00046206,             0.00046206,             0.00046206
                     62,                 0.6182,                 2.9855,                0.22189,                0.53822,                 1.0452,                0.96106,                0.97117,                0.98591,                0.81424,                0.50571,                 0.5375,                0.51208,                0.23585,                0.63987,                 3.9357,                0.02415,                 1.8486,                 1.1219,             0.00045107,             0.00045107,             0.00045107
                     63,                0.58713,                 2.9799,                 0.2118,                0.50772,                 1.0277,                0.94647,                      1,                0.98591,                0.80799,                 0.5718,                    0.6,                0.59519,                0.26505,                0.53443,                 4.0371,                0.05188,                 2.0354,                 1.0121,             0.00044007,             0.00044007,             0.00044007
                     64,                0.59762,                 2.9865,                0.20506,                0.53307,                  1.031,                0.94983,                      1,                0.99273,                0.80714,                0.57347,                    0.6,                0.56614,                 0.2537,                0.65064,                 3.9474,                0.01714,                 2.3025,                 1.0931,             0.00042907,             0.00042907,             0.00042907
                     65,                0.58815,                 3.0722,                0.21101,                0.50134,                 1.0176,                0.95149,                0.99802,                0.99273,                0.82219,                0.56848,                    0.6,                0.54763,                0.26299,                0.68629,                  3.752,                  0.022,                 1.9512,                 1.1719,             0.00041807,             0.00041807,             0.00041807
                     66,                0.58175,                 2.9891,                0.20942,                0.49811,                 1.0124,                 0.9631,                0.96974,                0.98818,                0.81923,                0.52142,                   0.55,                0.50636,                0.25512,                0.69146,                 3.7734,                0.04474,                 1.7382,                 1.1631,             0.00040707,             0.00040707,             0.00040707
                     67,                0.57738,                  2.872,                0.19793,                0.49863,                 1.0166,                0.95212,                0.99206,                0.98364,                0.79489,                0.51578,                   0.55,                0.50159,                0.23981,                0.68758,                 3.9427,                0.02965,                 2.0524,                 1.1102,             0.00039607,             0.00039607,             0.00039607
                     68,                0.59555,                 2.7603,                0.20902,                0.50268,                 1.0174,                0.93346,                0.99827,                0.98818,                 0.8248,                0.56602,                    0.6,                0.59488,                0.25287,                0.60098,                  3.952,                  0.032,                 1.8916,                  1.079,             0.00038507,             0.00038507,             0.00038507
                     69,                 0.5812,                 2.8538,                0.20416,                0.49529,                 1.0222,                0.92393,                0.99966,                0.99045,                 0.8331,                 0.5704,                    0.6,                0.58351,                 0.2549,                0.65162,                 3.8798,                0.01585,                 1.5105,                 1.1156,             0.00037407,             0.00037407,             0.00037407
                     70,                0.56666,                 2.8577,                0.19187,                 0.4811,                0.99196,                0.93879,                0.99293,                0.98818,                0.81558,                0.51911,                   0.55,                0.51537,                0.25049,                0.71663,                  3.969,                0.01624,                 2.0594,                 1.1457,             0.00036307,             0.00036307,             0.00036307
                     71,                0.58206,                 2.7559,                0.19828,                0.50681,                 1.0176,                0.94871,                0.96895,                0.99045,                0.81216,                0.47039,                    0.5,                0.50367,                0.25099,                0.58255,                 3.9324,                0.04935,                 2.2104,                 1.0595,             0.00035208,             0.00035208,             0.00035208
                     72,                0.57002,                  2.838,                0.20897,                0.49288,                 1.0101,                0.96331,                0.95262,                0.98153,                0.82404,                0.51777,                   0.55,                0.54176,                0.25775,                0.67712,                 3.9358,                0.02215,                 2.2356,                 1.0749,             0.00034108,             0.00034108,             0.00034108
                     73,                0.57592,                 2.7366,                0.19668,                0.49558,                 1.0121,                0.95067,                0.97004,                0.99045,                0.82235,                0.46874,                    0.5,                0.50715,                0.25512,                0.71191,                 3.9636,                0.01703,                 1.8668,                 1.1224,             0.00033008,             0.00033008,             0.00033008
                     74,                  0.566,                  2.768,                0.19612,                0.49639,                 1.0001,                  0.937,                0.99096,                0.99045,                 0.8069,                0.46821,                    0.5,                0.49295,                0.26118,                0.76248,                 3.8327,                0.02168,                 2.1657,                   1.15,             0.00031908,             0.00031908,             0.00031908
                     75,                0.53841,                 2.8869,                0.20481,                0.47438,                 1.0028,                0.95716,                      1,                0.99045,                0.84278,                0.53115,                   0.55,                0.55782,                0.25043,                0.65406,                 4.0781,                0.02017,                 2.4093,                 1.0921,             0.00030808,             0.00030808,             0.00030808
                     76,                0.54981,                 2.8504,                0.19884,                0.47298,                 1.0103,                 0.9206,                      1,                0.99045,                0.81868,                0.57058,                    0.6,                0.58401,                0.24452,                0.67467,                 3.9336,                 0.0193,                  1.625,                 1.1206,             0.00029708,             0.00029708,             0.00029708
                     77,                0.54364,                 2.8745,                0.20153,                0.47925,                0.99943,                0.93244,                      1,                0.99273,                0.83646,                0.62237,                   0.65,                0.65359,                0.25759,                0.65413,                 3.9322,                0.02627,                 1.6121,                  1.133,             0.00028608,             0.00028608,             0.00028608
                     78,                0.52636,                 2.7595,                0.19412,                 0.4601,                0.99676,                0.95385,                 0.9938,                0.99045,                0.83373,                0.58164,                    0.6,                0.56776,                0.24525,                 0.6078,                 3.9889,                0.02653,                 1.9029,                 1.0525,             0.00027508,             0.00027508,             0.00027508
                     79,                0.54446,                 2.6772,                0.20191,                0.45872,                 1.0083,                0.93143,                0.99351,                0.99273,                0.83497,                0.46724,                 0.4875,                0.49134,                0.24118,                 0.5854,                 3.9578,                 0.0294,                 2.2559,                  1.041,             0.00026408,             0.00026408,             0.00026408
                     80,                0.51799,                  2.651,                0.19236,                0.46176,                0.98051,                0.95455,                0.98496,                0.98818,                0.82417,                0.59172,                    0.6,                0.56668,                0.26709,                0.62449,                 3.9783,                0.02941,                 2.0681,                 1.0746,             0.00025309,             0.00025309,             0.00025309
                     81,                0.54074,                 2.8455,                0.20824,                0.46173,                0.99933,                0.93758,                0.97127,                0.98818,                0.83815,                0.58269,                    0.6,                0.56549,                0.24651,                0.62941,                 4.0332,                0.03787,                 2.0854,                 1.0658,             0.00024209,             0.00024209,             0.00024209
                     82,                0.50185,                  2.629,                0.19273,                0.45326,                0.97559,                0.95382,                0.95541,                0.98153,                 0.8347,                0.58187,                    0.6,                0.56227,                0.24965,                 0.6301,                 3.9139,                 0.0263,                 1.8122,                 1.0582,             0.00023109,             0.00023109,             0.00023109
                     83,                 0.5071,                 2.5906,                0.19108,                0.43501,                 0.9727,                0.94763,                 0.9929,                0.98591,                0.83593,                 0.5822,                    0.6,                0.56321,                 0.2591,                0.51037,                 4.0528,                0.02594,                 1.7989,                0.99906,             0.00022009,             0.00022009,             0.00022009
                     84,                0.52441,                 2.6348,                0.19136,                 0.4442,                0.98517,                0.95567,                0.97151,                0.98591,                0.82313,                0.64316,                   0.65,                0.64525,                0.28098,                0.62755,                 3.8172,                0.02553,                 2.0703,                 1.0614,             0.00020909,             0.00020909,             0.00020909
                     85,                0.53325,                 2.5749,                 0.2002,                 0.4684,                 1.0062,                0.94646,                0.96935,                0.98591,                0.83361,                0.63551,                   0.65,                 0.6457,                0.29052,                0.61434,                 3.9003,                0.01794,                  2.022,                 1.0771,             0.00019809,             0.00019809,             0.00019809
                     86,                 0.5181,                 2.6035,                0.19461,                0.45708,                 1.0038,                0.94238,                0.97133,                0.98818,                0.83454,                0.62157,                   0.65,                0.63598,                0.29139,                0.61009,                 3.9674,                0.02586,                 1.8145,                 1.0514,             0.00018709,             0.00018709,             0.00018709
                     87,                0.51613,                 2.5657,                0.20482,                0.45044,                0.98717,                0.95246,                 0.9661,                0.98136,                 0.8242,                0.62045,                   0.65,                0.64222,                0.27524,                0.67684,                 3.8467,                0.02715,                 2.0142,                 1.1135,             0.00017609,             0.00017609,             0.00017609
                     88,                0.50705,                 2.7255,                0.19809,                0.45191,                0.99084,                0.95527,                0.96765,                0.98591,                0.83162,                0.64294,                   0.65,                0.63275,                0.25916,                 0.6267,                 3.9024,                0.02774,                 2.2335,                 1.0928,             0.00016509,             0.00016509,             0.00016509
                     89,                0.49054,                  2.687,                0.19878,                0.41707,                0.96423,                0.95662,                0.96879,                0.98591,                0.83449,                0.64429,                   0.65,                0.64003,                0.28141,                0.60977,                 3.9256,                0.02412,                 2.5583,                  1.115,              0.0001541,              0.0001541,              0.0001541
                     90,                0.50887,                 2.5968,                0.19017,                0.43366,                0.98914,                0.95825,                0.96928,                0.98364,                0.82236,                0.64592,                   0.65,                 0.6477,                0.28121,                 0.5985,                 3.9876,                0.02065,                 2.4426,                 1.0932,              0.0001431,              0.0001431,              0.0001431
                     91,                0.36793,                 2.2447,                0.04897,                 0.3308,                0.92156,                0.93001,                      1,                0.98591,                0.83366,                0.64025,                   0.65,                0.64415,                0.28485,                0.61165,                   3.96,                 0.0143,                 2.0356,                 1.0556,              0.0001321,              0.0001321,              0.0001321
                     92,                 0.3537,                 2.2158,                0.04337,                0.30426,                 0.8941,                0.94086,                 0.9966,                0.98591,                0.82728,                0.62119,                   0.65,                0.64307,                 0.2853,                0.60769,                 3.9245,                0.01105,                 2.0574,                 1.0837,              0.0001211,              0.0001211,              0.0001211
                     93,                0.36958,                 2.1817,                 0.0455,                 0.2981,                0.89859,                0.94111,                0.99619,                0.98591,                0.83025,                0.62275,                   0.65,                0.64415,                0.29241,                0.55755,                 3.9989,                0.01524,                 1.9663,                 1.0592,              0.0001101,              0.0001101,              0.0001101
                     94,                0.37136,                 2.2412,                0.04919,                0.30995,                 0.9202,                0.94753,                0.99707,                0.98591,                0.82906,                  0.638,                   0.65,                 0.6457,                0.30032,                0.58759,                 3.8224,                0.01297,                 2.0341,                 1.0502,             9.9101e-05,             9.9101e-05,             9.9101e-05
                     95,                 0.3499,                 2.1761,                0.04718,                0.28794,                0.89522,                0.94483,                0.99537,                0.98591,                0.83787,                0.62275,                   0.65,                 0.6462,                0.29703,                0.59139,                 3.8765,                0.01315,                 1.8052,                 1.0259,             8.8102e-05,             8.8102e-05,             8.8102e-05
                     96,                0.35306,                 2.1623,                0.04134,                0.28976,                0.90831,                0.94429,                0.99389,                0.98591,                 0.8363,                0.62268,                   0.65,                0.64525,                0.29767,                0.63562,                 3.8387,                0.01324,                 2.0338,                  1.047,             7.7103e-05,             7.7103e-05,             7.7103e-05
                     97,                0.34752,                 2.1436,                0.03637,                0.28922,                0.89666,                0.94577,                 0.9947,                0.98591,                0.83723,                0.63768,                   0.65,                 0.6457,                0.29854,                0.65677,                 3.7951,                0.01387,                 2.3014,                 1.0643,             6.6105e-05,             6.6105e-05,             6.6105e-05
                     98,                0.32763,                 2.1131,                 0.0366,                0.27194,                0.87338,                 0.9592,                0.98785,                0.98591,                0.82925,                0.63483,                   0.65,                 0.6457,                0.30042,                0.61284,                 3.7886,                0.01465,                 2.1795,                  1.045,             5.5106e-05,             5.5106e-05,             5.5106e-05
                     99,                0.33002,                 2.1492,                0.04634,                0.27947,                0.90387,                0.95766,                0.98654,                0.98591,                0.83655,                0.62505,                   0.65,                 0.6462,                0.29915,                0.59022,                 3.8422,                0.01281,                 2.1276,                 1.0317,             4.4107e-05,             4.4107e-05,             4.4107e-05
                    100,                0.32591,                 2.1095,                0.04242,                0.27462,                0.88037,                0.95343,                0.99803,                0.99045,                0.83991,                  0.624,                   0.65,                0.65025,                0.30864,                0.60406,                 3.8264,                0.01204,                 2.1159,                 1.0377,             3.3108e-05,             3.3108e-05,             3.3108e-05
